internal_instrument_id,etf_code,institution_id,evidence_type,evidence_document,evidence_report_period,evidence_published_at,research_available_at,valid_from,valid_to,confidence_level,verification_status,reviewer,notes
INST-510300,510300,INST-001,FUND_PERIODIC_REPORT,基金2025年年报前十大持有人,2025-12-31,2026-03-31,2026-03-31T09:30:00+08:00,2026-04-01,,MEDIUM,MODEL_CROSS_CHECKED,HUMAN_REVIEW_PENDING,参考站披露82.76%需以原始年报复核
INST-510300,510300,INST-002,FUND_PERIODIC_REPORT,基金2025年年报前十大持有人,2025-12-31,2026-03-31,2026-03-31T09:30:00+08:00,2026-04-01,,MEDIUM,MODEL_CROSS_CHECKED,HUMAN_REVIEW_PENDING,汇金资产管理
INST-510300,510300,INST-003,FUND_PERIODIC_REPORT,基金2025年年报前十大持有人,2025-12-31,2026-03-31,2026-03-31T09:30:00+08:00,2026-04-01,,MEDIUM,MODEL_CROSS_CHECKED,HUMAN_REVIEW_PENDING,证金公司
INST-510050,510050,INST-001,REFERENCE_SITE_ONLY,参考站披露,2025-12-31,2026-07-31,2026-07-31T23:49:00+08:00,2026-08-01,,LOW,MODEL_CROSS_CHECKED,HUMAN_REVIEW_PENDING,仅参考站口径未人工复核
INST-510330,510330,INST-001,REFERENCE_SITE_ONLY,参考站披露,2025-12-31,2026-07-31,2026-07-31T23:49:00+08:00,2026-08-01,,LOW,MODEL_CROSS_CHECKED,HUMAN_REVIEW_PENDING,仅参考站口径未人工复核
INST-159919,159919,INST-001,REFERENCE_SITE_ONLY,参考站披露,2025-12-31,2026-07-31,2026-07-31T23:49:00+08:00,2026-08-01,,LOW,MODEL_CROSS_CHECKED,HUMAN_REVIEW_PENDING,仅参考站口径未人工复核
INST-510310,510310,INST-001,REFERENCE_SITE_ONLY,参考站披露,2025-12-31,2026-07-31,2026-07-31T23:49:00+08:00,2026-08-01,,LOW,MODEL_CROSS_CHECKED,HUMAN_REVIEW_PENDING,仅参考站口径未人工复核
INST-510500,510500,INST-001,REFERENCE_SITE_ONLY,参考站披露,2025-12-31,2026-07-31,2026-07-31T23:49:00+08:00,2026-08-01,,LOW,MODEL_CROSS_CHECKED,HUMAN_REVIEW_PENDING,仅参考站口径未人工复核
INST-159845,159845,INST-001,REFERENCE_SITE_ONLY,参考站披露,2025-12-31,2026-07-31,2026-07-31T23:49:00+08:00,2026-08-01,,LOW,MODEL_CROSS_CHECKED,HUMAN_REVIEW_PENDING,仅参考站口径未人工复核
